Crime,Date,Time,Address,Lat,Lng
Assault,03/02/19,01:22 PM,3200 BLOCK OF DUFFY ST SAN BERNARDINO COUNTY,34.154267,-117.3441881
Burglary,03/02/19,01:24 PM,7200 BLOCK OF FAIRFAX DR SAN BERNARDINO COUNTY,34.1230873,-117.2576084
Other,03/02/19,03:02 PM,25200 BLOCK OF ANSON ST SAN BERNARDINO COUNTY,34.127769,-117.254525
Burglary,03/02/19,04:33 PM,7100 BLOCK OF N BARTON ST SAN BERNARDINO COUNTY,34.1211649,-117.2648903
Assault,03/02/19,05:54 PM,8100 BLOCK OF SUNNYSIDE AVE SAN BERNARDINO COUNTY,34.1064434,-117.2625552
Assault,03/02/19,02:26 AM,4200 BLOCK OF N F ST SAN BERNARDINO COUNTY,34.1720443,-117.3031387
Other,03/02/19,08:54 AM,24600 BLOCK OF 6TH ST SAN BERNARDINO COUNTY,34.1102136,-117.2675919
Theft,03/02/19,10:12 AM,1100 BLOCK OF W 48TH ST SAN BERNARDINO COUNTY,34.1717876,-117.3123912
Other,03/02/19,12:07 PM,2000 BLOCK OF W MESA ST SAN BERNARDINO COUNTY,34.1401046,-117.3356829
Other,03/02/19,12:58 AM,1900 BLOCK OF W HIGHLAND AVE SAN BERNARDINO COUNTY,34.1362431,-117.3309187
Theft,03/01/19,05:35 PM,1900 BLOCK OF W PORTER ST SAN BERNARDINO COUNTY,34.1418329,-117.3311762
Theft,03/01/19,07:15 PM,3200 BLOCK OF WAGON TRAIN RD SAN BERNARDINO COUNTY,34.3084719,-117.4677993
Theft,03/01/19,07:50 PM,2000 BLOCK OF W PORTER ST SAN BERNARDINO COUNTY,34.14186,-117.3356784
Other,03/01/19,11:29 PM,2300 BLOCK OF W 3RD AVE SAN BERNARDINO COUNTY,34.1651257,-117.3486147
Assault,03/01/19,01:07 PM,1100 BLOCK OF W 41ST ST SAN BERNARDINO COUNTY,34.1683748,-117.3073216
Other,03/01/19,02:20 PM,2200 BLOCK OF W KERN ST SAN BERNARDINO COUNTY,34.1546252,-117.3444052
Theft,03/01/19,04:07 PM,E HILLSIDE DR/N FAIRFAX DR SAN BERNARDINO COUNTY,34.1327393,-117.2576154
Burglary,03/01/19,05:35 PM,1900 BLOCK OF W PORTER ST SAN BERNARDINO COUNTY,34.1418329,-117.3311762
Other,03/01/19,07:04 PM,5400 BLOCK OF N ELMWOOD RD SAN BERNARDINO COUNTY,34.1558094,-117.2520727
Vandalism,03/01/19,07:13 AM,24600 BLOCK OF 6TH ST SAN BERNARDINO COUNTY,34.1102136,-117.2675919
Other,03/01/19,09:39 AM,2900 BLOCK OF N STATE ST SAN BERNARDINO COUNTY,34.148944,-117.3358721
Other,03/01/19,10:09 AM,1300 BLOCK OF E MARSHALL BLVD SAN BERNARDINO COUNTY,34.1497075,-117.2582079
Other,02/28/19,09:14 PM,WHITLOCK AVE/5TH ST SAN BERNARDINO COUNTY,34.1083399,-117.2638893
Theft,02/28/19,12:40 PM,1100 BLOCK OF N GRAND AVE SAN BERNARDINO COUNTY,34.0016361,-117.8125724
Theft,02/28/19,03:54 PM,2100 BLOCK OF W KERN ST SAN BERNARDINO COUNTY,34.1542185,-117.3398301
Arrest,02/28/19,04:27 PM,900 BLOCK OF W KENDALL DR SAN BERNARDINO COUNTY,34.1618116,-117.3003233
Other,02/28/19,04:28 PM,5400 BLOCK OF N ELMWOOD RD SAN BERNARDINO COUNTY,34.1558094,-117.2520727
Assault,02/28/19,04:29 PM,6600 BLOCK OF MERITO AVE SAN BERNARDINO COUNTY,34.1340053,-117.2478421
Assault,02/28/19,04:43 PM,25200 BLOCK OF BESSANT ST SAN BERNARDINO COUNTY,34.1246204,-117.2543995
Other,02/28/19,06:17 PM,5900 BLOCK OF N IRONWOOD ST SAN BERNARDINO COUNTY,34.1467206,-117.2494693
Theft,02/28/19,07:15 AM,25500 BLOCK OF 17TH ST SAN BERNARDINO COUNTY,34.1297653,-117.2501974
Theft,02/28/19,10:00 AM,3100 BLOCK OF DUFFY ST SAN BERNARDINO COUNTY,34.1522798,-117.3442724
Theft,02/28/19,10:11 AM,18800 BLOCK OF W CAJON BLVD SAN BERNARDINO COUNTY,34.2147761,-117.3940455
Other,02/28/19,12:00 PM,4200 BLOCK OF CEDAR DR SAN BERNARDINO COUNTY,34.1720668,-117.3084134
Arrest,02/27/19,04:59 PM,1100 BLOCK OF W 48TH ST SAN BERNARDINO COUNTY,34.1717876,-117.3123912
Other,02/27/19,07:21 PM,23800 BLOCK OF PRADO LN SAN BERNARDINO COUNTY,34.0413831,-117.2845324
Assault,02/27/19,07:53 PM,5400 BLOCK OF N ELMWOOD RD SAN BERNARDINO COUNTY,34.1558094,-117.2520727
Theft,02/27/19,10:14 PM,23900 BLOCK OF PRADO LN SAN BERNARDINO COUNTY,34.0414916,-117.2825252
Theft,02/27/19,12:23 PM,2000 BLOCK OF W ADAMS ST SAN BERNARDINO COUNTY,34.1378737,-117.3354604
Theft,02/27/19,02:20 PM,2000 BLOCK OF W ADAMS ST SAN BERNARDINO COUNTY,34.1378737,-117.3354604
Theft,02/27/19,09:14 AM,3100 BLOCK OF DUFFY ST SAN BERNARDINO COUNTY,34.1522798,-117.3442724
Assault,02/26/19,08:08 PM,N STERLING AVE/E HIGHLAND AVE SAN BERNARDINO COUNTY,34.1358584,-117.2436702
Assault,02/26/19,10:39 PM,1600 BLOCK OF DEVORE RD SAN BERNARDINO COUNTY,34.2251847,-117.4040271
Other,02/26/19,03:03 PM,3100 BLOCK OF JUNE ST SAN BERNARDINO COUNTY,34.1524797,-117.3490548
Assault,02/26/19,05:32 PM,25100 BLOCK OF PACIFIC ST SAN BERNARDINO COUNTY,34.1286352,-117.2569901
Other,02/26/19,05:29 AM,25800 BLOCK OF 26TH ST SAN BERNARDINO COUNTY,34.1397032,-117.2415372
Assault,02/26/19,10:31 AM,24100 BLOCK OF 4TH ST SAN BERNARDINO COUNTY,34.0772367,-117.5240975
Other,02/25/19,10:38 PM,2500 BLOCK OF W OGDEN ST SAN BERNARDINO COUNTY,34.157909,-117.357342
Shooting,02/25/19,11:02 PM,5600 BLOCK OF BLYTHE AVE SAN BERNARDINO COUNTY,34.1500664,-117.2313681
Shooting,02/25/19,11:53 PM,W DARBY ST/DUFFY ST SAN BERNARDINO COUNTY,34.1469757,-117.3441918
Theft,02/25/19,01:40 PM,3700 BLOCK OF MODESTO DR SAN BERNARDINO COUNTY,34.1581521,-117.2607291
Theft,02/25/19,02:36 PM,600 BLOCK OF E 3RD ST SAN BERNARDINO COUNTY,34.1043088,-117.2731687
Other,02/25/19,03:30 PM,5900 BLOCK OF ORANGE KNOLL AVE SAN BERNARDINO COUNTY,34.1463591,-117.2359393
Other,02/25/19,04:34 PM,1900 BLOCK OF W ADAMS ST SAN BERNARDINO COUNTY,34.1378468,-117.3311488
Theft,02/25/19,05:11 PM,1200 BLOCK OF E MARSHALL BLVD SAN BERNARDINO COUNTY,34.1494778,-117.2611295
Shooting,02/25/19,05:13 PM,JUNE ST/W DARBY ST SAN BERNARDINO COUNTY,34.146995,-117.3485729
Vandalism,02/25/19,06:50 PM,3100 BLOCK OF N DEL REY DR SAN BERNARDINO COUNTY,34.1467655,-117.2629486
Arrest,02/25/19,02:24 AM,GRAY ST/W 3RD AVE SAN BERNARDINO COUNTY,34.1651706,-117.3605537
Theft,02/25/19,03:39 AM,COURT ST/PINE ST SAN BERNARDINO COUNTY,34.1056416,-117.2939928
Theft,02/25/19,08:45 AM,3200 BLOCK OF DUFFY ST SAN BERNARDINO COUNTY,34.154267,-117.3441881
Theft,02/25/19,09:14 AM,25100 BLOCK OF E BASELINE ST SAN BERNARDINO COUNTY,34.1213256,-117.2535142
Other,02/25/19,09:28 AM,2100 BLOCK OF W OGDEN ST SAN BERNARDINO COUNTY,34.1588038,-117.340048
Assault,02/25/19,10:02 AM,2200 BLOCK OF W 1ST AVE SAN BERNARDINO COUNTY,34.1600764,-117.3444554
Theft,02/25/19,11:50 AM,3800 BLOCK OF N BRONSON ST SAN BERNARDINO COUNTY,34.1653617,-117.3575849
Other,02/25/19,12:39 AM,2200 BLOCK OF MALLORY ST SAN BERNARDINO COUNTY,34.1433502,-117.344192
Arrest,02/25/19,02:24 AM,RESERVOIR ST/GRAY ST SAN BERNARDINO COUNTY,34.1651561,-117.3627263
Arrest,02/24/19,07:17 PM,4000 BLOCK OF N F ST SAN BERNARDINO COUNTY,34.1647851,-117.3031541
Theft,02/24/19,08:29 PM,E 19TH ST/YATES AVE SAN BERNARDINO COUNTY,34.1318086,-117.2561171
Other,02/24/19,11:40 PM,24900 BLOCK OF E 3RD ST SAN BERNARDINO COUNTY,34.105064,-117.2490232
Burglary,02/24/19,12:18 PM,900 BLOCK OF W 40TH ST SAN BERNARDINO COUNTY,34.1646072,-117.3026445
Theft,02/24/19,02:34 PM,6500 BLOCK OF ELM AVE SAN BERNARDINO COUNTY,34.1349283,-117.2470667
Other,02/24/19,05:13 PM,4200 BLOCK OF CEDAR DR SAN BERNARDINO COUNTY,34.1720668,-117.3084134
Other,02/24/19,05:58 PM,11400 BLOCK OF SAN TIMOTEO CANYON RD SAN BERNARDINO COUNTY,34.0473198,-117.2193359
Assault,02/24/19,06:01 PM,4000 BLOCK OF 1/2 N 3RD AVE SAN BERNARDINO COUNTY,34.1694645,-117.3048615
Other,02/24/19,08:20 AM,25500 BLOCK OF PASITO ST SAN BERNARDINO COUNTY,34.1293584,-117.2469618
Burglary,02/24/19,09:39 AM,25200 BLOCK OF FISHER ST SAN BERNARDINO COUNTY,34.1261644,-117.2545269
Other,02/24/19,12:41 AM,3300 BLOCK OF JUNE ST SAN BERNARDINO COUNTY,34.1555794,-117.3491147
Other,02/23/19,11:02 PM,7900 BLOCK OF SUNNYSIDE AVE SAN BERNARDINO COUNTY,34.1099035,-117.262841
Other,02/23/19,11:37 PM,7900 BLOCK OF SUNNYSIDE AVE SAN BERNARDINO COUNTY,34.1099035,-117.262841
Arson,02/23/19,11:18 AM,900 BLOCK OF DEERCREST DR SAN BERNARDINO COUNTY,34.2346788,-117.3971454
Theft,02/23/19,12:30 PM,800 BLOCK OF W OLIVE ST SAN BERNARDINO COUNTY,34.1186426,-117.3009115
Other,02/23/19,12:34 PM,5500 BLOCK OF ELM AVE SAN BERNARDINO COUNTY,34.1539753,-117.2455736
Theft,02/23/19,02:13 PM,3200 BLOCK OF WAGON TRAIN RD SAN BERNARDINO COUNTY,34.3084719,-117.4677993
Assault,02/23/19,03:28 AM,W BASELINE ST/N D ST SAN BERNARDINO COUNTY,34.121352,-117.2919185
Theft,02/23/19,05:58 AM,3700 BLOCK OF N MOUNTAIN AVE SAN BERNARDINO COUNTY,34.1575908,-117.2570312
Theft,02/23/19,07:18 AM,5400 BLOCK OF ELM AVE SAN BERNARDINO COUNTY,34.1557365,-117.2455822
Other,02/23/19,09:38 AM,24700 BLOCK OF MONTEREY AVE SAN BERNARDINO COUNTY,34.1073954,-117.2667837
Other,02/23/19,09:42 AM,900 BLOCK OF W 40TH ST SAN BERNARDINO COUNTY,34.1646072,-117.3026445
Other,02/23/19,09:45 AM,400 BLOCK OF N WATERMAN AVE SAN BERNARDINO COUNTY,34.1065209,-117.2789798
Other,02/23/19,02:14 AM,3200 BLOCK OF WAGON TRAIN RD SAN BERNARDINO COUNTY,34.3084719,-117.4677993
Other,02/22/19,10:10 PM,1900 BLOCK OF NOLAN ST SAN BERNARDINO COUNTY,34.1488415,-117.33152
Other,02/22/19,11:14 PM,N STATE ST/W PORTER ST SAN BERNARDINO COUNTY,34.1414977,-117.3354626
Robbery,02/22/19,10:56 AM,2500 BLOCK OF N STATE ST SAN BERNARDINO COUNTY,34.1415157,-117.3354627
Other,02/22/19,02:42 PM,N PERRIS HILL RD/E BASELINE ST SAN BERNARDINO COUNTY,34.1213261,-117.263293
Burglary,02/22/19,04:18 PM,7000 BLOCK OF DWIGHT WAY SAN BERNARDINO COUNTY,34.1268007,-117.2563057
Assault,02/22/19,05:04 PM,2200 BLOCK OF W DARBY ST SAN BERNARDINO COUNTY,34.147213,-117.3442354
Assault,02/22/19,05:10 PM,25600 BLOCK OF 19TH ST SAN BERNARDINO COUNTY,34.1331521,-117.2480573
Other,02/22/19,06:03 PM,4000 BLOCK OF N E ST SAN BERNARDINO COUNTY,34.1648009,-117.3004725
Burglary,02/22/19,08:44 AM,5900 BLOCK OF ROGERS LN SAN BERNARDINO COUNTY,34.1462158,-117.2406895
Theft,02/22/19,09:26 AM,3200 BLOCK OF N GOLDEN AVE SAN BERNARDINO COUNTY,34.1494858,-117.2611387
Other,02/22/19,12:58 AM,N GARDEN DR/N CONEJO DR SAN BERNARDINO COUNTY,34.1399748,-117.2597596
Assault,02/21/19,07:15 PM,4200 BLOCK OF CYPRESS DR SAN BERNARDINO COUNTY,34.1718039,-117.3103301
Arrest,02/21/19,11:11 PM,W DARBY ST/N STATE ST SAN BERNARDINO COUNTY,34.146938,-117.3354629
Theft,02/21/19,12:47 PM,2300 BLOCK OF W OGDEN ST SAN BERNARDINO COUNTY,34.1578691,-117.3486183
Theft,02/21/19,01:39 PM,3300 BLOCK OF N DEL REY DR SAN BERNARDINO COUNTY,34.1513241,-117.2640982
Burglary,02/21/19,04:01 PM,25700 BLOCK OF 26TH ST SAN BERNARDINO COUNTY,34.1394788,-117.2430421
Assault,02/21/19,05:04 PM,2600 BLOCK OF N STATE ST SAN BERNARDINO COUNTY,34.143337,-117.3354771
Theft,02/21/19,10:14 AM,24700 BLOCK OF COURT ST SAN BERNARDINO COUNTY,34.1055342,-117.2667752
Burglary,02/21/19,12:17 AM,1100 BLOCK OF W 48TH ST SAN BERNARDINO COUNTY,34.1717876,-117.3123912
Other,02/20/19,10:19 PM,3000 BLOCK OF JUNE ST SAN BERNARDINO COUNTY,34.1506538,-117.3485729
Other,02/20/19,01:04 PM,24200 BLOCK OF 5TH ST SAN BERNARDINO COUNTY,34.1085844,-117.2771803
Theft,02/20/19,01:44 PM,2500 BLOCK OF W 2ND AVE SAN BERNARDINO COUNTY,34.1634178,-117.357562
Arrest,02/20/19,06:11 PM,NOLAN ST/W KERN ST SAN BERNARDINO COUNTY,34.1556194,-117.3376959
Other,02/20/19,10:13 AM,7100 BLOCK OF N BARTON ST SAN BERNARDINO COUNTY,34.1211649,-117.2648903
Other,02/20/19,10:16 AM,N MACY ST/W DARBY ST SAN BERNARDINO COUNTY,34.1469587,-117.3398292
Other,02/20/19,11:59 AM,5300 BLOCK OF ELM AVE SAN BERNARDINO COUNTY,34.1575542,-117.245297
Other,02/20/19,12:02 PM,ALABAMA ST/PIONEER AVE SAN BERNARDINO COUNTY,34.0811987,-117.2087568
Other,02/20/19,01:12 AM,25100 BLOCK OF E 18TH ST SAN BERNARDINO COUNTY,34.1308033,-117.2560458
Other,02/19/19,08:19 PM,2200 BLOCK OF W DARBY ST SAN BERNARDINO COUNTY,34.147213,-117.3442354
Other,02/19/19,09:46 PM,24700 BLOCK OF MONTEREY AVE SAN BERNARDINO COUNTY,34.1073954,-117.2667837
Theft,02/19/19,02:02 PM,2500 BLOCK OF W 3RD AVE SAN BERNARDINO COUNTY,34.1651605,-117.3573302
Vandalism,02/19/19,03:33 PM,4100 BLOCK OF N E ST SAN BERNARDINO COUNTY,34.1682459,-117.300498
Other,02/19/19,04:50 AM,5600 BLOCK OF BONNIE ST SAN BERNARDINO COUNTY,34.1521736,-117.2475815
Theft,02/19/19,05:26 AM,24700 BLOCK OF 4TH ST SAN BERNARDINO COUNTY,34.1064639,-117.2667762
Other,02/19/19,06:21 AM,4100 BLOCK OF N E ST SAN BERNARDINO COUNTY,34.1682459,-117.300498
Vandalism,02/19/19,06:34 AM,6700 BLOCK OF DEL ROSA DR SAN BERNARDINO COUNTY,34.1322526,-117.2523596
Theft,02/19/19,10:08 AM,2200 BLOCK OF W DARBY ST SAN BERNARDINO COUNTY,34.147213,-117.3442354
Other,02/18/19,10:31 PM,6900 BLOCK OF FAIRFAX DR SAN BERNARDINO COUNTY,34.1285999,-117.2573737
Theft,02/18/19,12:35 PM,5600 BLOCK OF ELM AVE SAN BERNARDINO COUNTY,34.1521458,-117.2452679
Theft,02/18/19,12:59 PM,600 BLOCK OF E 3RD ST SAN BERNARDINO COUNTY,34.1043088,-117.2731687
Other,02/18/19,03:16 PM,5600 BLOCK OF GOLONDRINA DR SAN BERNARDINO COUNTY,34.1521658,-117.2462081
Other,02/18/19,05:35 PM,300 BLOCK OF W BASELINE ST SAN BERNARDINO COUNTY,34.1213467,-117.2896846
Theft,02/18/19,07:12 PM,6700 BLOCK OF DEL ROSA DR SAN BERNARDINO COUNTY,34.1322526,-117.2523596
Burglary,02/18/19,09:35 AM,11400 BLOCK OF NEW JERSEY ST SAN BERNARDINO COUNTY,34.0469233,-117.2219599
Assault,02/18/19,09:35 AM,6200 BLOCK OF ARGYLE AVE SAN BERNARDINO COUNTY,34.1413041,-117.243078
Other,02/18/19,09:56 AM,3500 BLOCK OF BRONSON ST SAN BERNARDINO COUNTY,34.1598912,-117.3572962
Other,02/18/19,12:10 AM,5300 BLOCK OF NEWBURY AVE SAN BERNARDINO COUNTY,34.1575481,-117.2443828
Other,02/18/19,12:57 AM,24500 BLOCK OF COURT ST SAN BERNARDINO COUNTY,34.9592083,-116.419389
Theft,02/17/19,08:35 PM,6900 BLOCK OF FAIRFAX DR SAN BERNARDINO COUNTY,34.1285999,-117.2573737
Assault,02/17/19,09:27 PM,26700 BLOCK OF BARTON RD SAN BERNARDINO COUNTY,34.0482922,-117.2217166
Other,02/17/19,09:57 PM,3300 BLOCK OF N DEL REY DR SAN BERNARDINO COUNTY,34.1513241,-117.2640982
Other,02/17/19,03:06 PM,1000 BLOCK OF W VALLEY BLVD SAN BERNARDINO COUNTY,34.0688911,-117.342028
Burglary,02/17/19,11:50 AM,5800 BLOCK OF MERITO AVE SAN BERNARDINO COUNTY,34.1486429,-117.2471959
Other,02/16/19,07:11 PM,24600 BLOCK OF 4TH ST SAN BERNARDINO COUNTY,34.1064622,-117.2689171
Other,02/16/19,07:58 PM,900 BLOCK OF W F ST SAN BERNARDINO COUNTY,34.0697017,-117.6653962
Other,02/16/19,08:20 PM,7000 BLOCK OF N BARTON ST SAN BERNARDINO COUNTY,34.121124,-117.2648904
Other,02/16/19,08:40 PM,24800 BLOCK OF 4TH ST SAN BERNARDINO COUNTY,34.1064605,-117.263895
Theft,02/16/19,12:26 PM,N STATE ST/NOLAN ST SAN BERNARDINO COUNTY,34.1525385,-117.3355261
Other,02/16/19,12:50 PM,2300 BLOCK OF W 2ND AVE SAN BERNARDINO COUNTY,34.1634279,-117.3489085
Theft,02/16/19,12:52 PM,0 FRST/2N30 FRST SAN BERNARDINO COUNTY,34.1053382,-117.2261652
Theft,02/16/19,05:03 PM,3200 BLOCK OF VERMONT ST SAN BERNARDINO COUNTY,34.1543016,-117.3529374
Theft,02/16/19,05:08 PM,2200 BLOCK OF W 3RD AVE SAN BERNARDINO COUNTY,34.1651107,-117.3442386
Other,02/16/19,05:53 PM,5300 BLOCK OF ELM AVE SAN BERNARDINO COUNTY,34.1575542,-117.245297
Theft,02/16/19,06:32 AM,6500 BLOCK OF PRADERA AVE SAN BERNARDINO COUNTY,34.1344519,-117.2464706
Other,02/16/19,11:04 AM,4100 BLOCK OF N F ST SAN BERNARDINO COUNTY,34.1682298,-117.3026777
Other,02/16/19,12:05 AM,5900 BLOCK OF ELMWOOD RD SAN BERNARDINO COUNTY,34.1467238,-117.2514631
Other,02/16/19,12:16 AM,1000 BLOCK OF E PACIFIC ST SAN BERNARDINO COUNTY,34.1286468,-117.2656457
Theft,02/15/19,06:53 PM,8300 BLOCK OF STATE HWY 138 SAN BERNARDINO COUNTY,34.3178602,-117.37051
Vandalism,02/15/19,07:40 PM,3000 BLOCK OF JUNE ST SAN BERNARDINO COUNTY,34.1506538,-117.3485729
Other,02/15/19,09:40 PM,2100 BLOCK OF W BLAKE ST SAN BERNARDINO COUNTY,34.1505752,-117.339882
Theft,02/15/19,02:53 PM,W PORTER ST/N MACY ST SAN BERNARDINO COUNTY,34.1415201,-117.339831
Other,02/15/19,03:53 PM,6800 BLOCK OF SERENA ST SAN BERNARDINO COUNTY,34.1302755,-117.2456363
Assault,02/15/19,03:55 PM,25600 BLOCK OF PASITO ST SAN BERNARDINO COUNTY,34.1293263,-117.2459113
Theft,02/15/19,04:10 PM,5600 BLOCK OF GOLONDRINA DR SAN BERNARDINO COUNTY,34.1521658,-117.2462081
Theft,02/14/19,06:06 PM,6700 BLOCK OF MERITO AVE SAN BERNARDINO COUNTY,34.1320722,-117.2466116
Shooting,02/14/19,07:16 PM,W 48TH ST/N H ST SAN BERNARDINO COUNTY,34.171869,-117.3005051
Other,02/14/19,09:41 PM,3100 BLOCK OF N MACY ST SAN BERNARDINO COUNTY,34.1523081,-117.3402245
Theft,02/14/19,04:13 PM,E 11TH ST/N BOBBETT DR SAN BERNARDINO COUNTY,34.1195148,-117.2787857
Other,02/14/19,10:03 AM,600 BLOCK OF W 41ST ST SAN BERNARDINO COUNTY,34.1684455,-117.2964117
Theft,02/14/19,10:58 AM,N STATE ST/NOLAN ST SAN BERNARDINO COUNTY,34.1525385,-117.3355261
Shooting,02/14/19,01:15 AM,1000 BLOCK OF W H ST SAN BERNARDINO COUNTY,34.0695508,-117.3393556
Other,02/13/19,09:49 PM,700 BLOCK OF W 40TH ST SAN BERNARDINO COUNTY,34.1650334,-117.2989333
Other,02/13/19,01:03 PM,1300 BLOCK OF E MARSHALL BLVD SAN BERNARDINO COUNTY,34.1497075,-117.2582079
Arrest,02/13/19,01:45 PM,N DEL ROSA AVE/E PUMALO ST SAN BERNARDINO COUNTY,34.149468,-117.2524269
Other,02/13/19,02:30 PM,2000 BLOCK OF N DEL ROSA AVE SAN BERNARDINO COUNTY,34.1340063,-117.2527521
Other,02/13/19,03:07 PM,1300 BLOCK OF N WATERMAN AVE SAN BERNARDINO COUNTY,34.1233817,-117.2787798
Other,02/13/19,03:10 PM,2000 BLOCK OF W ADAMS ST SAN BERNARDINO COUNTY,34.1378737,-117.3354604
Assault,02/13/19,03:54 PM,8100 BLOCK OF TIPPECANOE AVE SAN BERNARDINO COUNTY,34.1064602,-117.2610241
Vandalism,02/13/19,04:19 AM,6700 BLOCK OF DEL ROSA AVE SAN BERNARDINO COUNTY,34.1322521,-117.2519504
Theft,02/13/19,08:21 AM,19700 BLOCK OF W CAJON BLVD SAN BERNARDINO COUNTY,34.1971164,-117.3749523
Theft,02/13/19,08:22 AM,25700 BLOCK OF AVALON AVE SAN BERNARDINO COUNTY,34.1462474,-117.2426693
Vandalism,02/13/19,08:29 AM,4200 BLOCK OF CEDAR DR SAN BERNARDINO COUNTY,34.1720668,-117.3084134
Vandalism,02/13/19,11:11 AM,2000 BLOCK OF W ADAMS ST SAN BERNARDINO COUNTY,34.1378737,-117.3354604
Theft,02/13/19,11:21 AM,2100 BLOCK OF W DARBY ST SAN BERNARDINO COUNTY,34.1469588,-117.3398728
Other,02/12/19,07:31 PM,24600 BLOCK OF 4TH ST SAN BERNARDINO COUNTY,34.1064622,-117.2689171
Other,02/12/19,07:57 PM,2000 BLOCK OF W ADAMS ST SAN BERNARDINO COUNTY,34.1378737,-117.3354604
Assault,02/12/19,11:04 PM,4000 BLOCK OF COTTAGE DR SAN BERNARDINO COUNTY,34.1646555,-117.297185
Other,02/12/19,01:10 PM,1900 BLOCK OF W HIGHLAND AVE SAN BERNARDINO COUNTY,34.1362431,-117.3309187
Assault,02/12/19,05:10 PM,2000 BLOCK OF W ADAMS ST SAN BERNARDINO COUNTY,34.1378737,-117.3354604
Assault,02/12/19,06:00 PM,FERN LN/RECHE CANYON SAN BERNARDINO COUNTY,34.0287202,-117.2799297
Other,02/12/19,06:28 PM,3100 BLOCK OF N GOLDEN AVE SAN BERNARDINO COUNTY,34.1476756,-117.2611347
Other,02/12/19,06:41 PM,2000 BLOCK OF W DARBY ST SAN BERNARDINO COUNTY,34.147213,-117.3442354
Other,02/12/19,08:45 AM,8000 BLOCK OF SUNNYSIDE AVE SAN BERNARDINO COUNTY,34.1083153,-117.262534
Burglary,02/12/19,10:48 AM,7200 BLOCK OF TIPPECANOE AVE SAN BERNARDINO COUNTY,34.0661497,-117.2612829
Other,02/11/19,08:47 PM,2100 BLOCK OF MALLORY ST SAN BERNARDINO COUNTY,34.1433289,-117.339893
Arrest,02/11/19,11:14 PM,3200 BLOCK OF WAGON TRAIN RD SAN BERNARDINO COUNTY,34.3084719,-117.4677993
Shooting,02/11/19,11:23 PM,7900 BLOCK OF TIPPECANOE AVE SAN BERNARDINO COUNTY,34.110188,-117.261006
Theft,02/11/19,03:36 PM,2700 BLOCK OF N MACY ST SAN BERNARDINO COUNTY,34.1451823,-117.3403474
Other,02/11/19,03:45 PM,7100 BLOCK OF GARDEN DR SAN BERNARDINO COUNTY,34.1264232,-117.2604015
Burglary,02/11/19,05:01 PM,25800 BLOCK OF 27TH ST SAN BERNARDINO COUNTY,34.1400863,-117.2443508
Other,02/11/19,05:05 PM,400 BLOCK OF N WATERMAN AVE SAN BERNARDINO COUNTY,34.1065209,-117.2789798
Theft,02/11/19,05:52 AM,5600 BLOCK OF EDGEMONT DR SAN BERNARDINO COUNTY,34.1523511,-117.2413286
Theft,02/11/19,08:39 AM,18800 BLOCK OF W CAJON BLVD SAN BERNARDINO COUNTY,34.2147761,-117.3940455
Theft,02/11/19,09:25 AM,900 BLOCK OF W OLIVE ST SAN BERNARDINO COUNTY,34.1188108,-117.3037758
Theft,02/11/19,10:29 AM,3700 BLOCK OF N MOUNTAIN AVE SAN BERNARDINO COUNTY,34.1575908,-117.2570312
Theft,02/11/19,12:49 AM,3200 BLOCK OF WAGON TRAIN RD SAN BERNARDINO COUNTY,34.3084719,-117.4677993
Other,02/11/19,12:55 AM,3200 BLOCK OF WAGON TRAIN RD SAN BERNARDINO COUNTY,34.3084719,-117.4677993
Theft,02/10/19,10:48 PM,20200 BLOCK OF KENDALL DR SAN BERNARDINO COUNTY,34.1743571,-117.3269537
Theft,02/10/19,11:01 PM,19900 BLOCK OF KENDALL DR SAN BERNARDINO COUNTY,34.1743571,-117.3269537
Shooting,02/10/19,11:39 PM,3300 BLOCK OF VERMONT ST SAN BERNARDINO COUNTY,34.1559551,-117.3533635
Theft,02/10/19,01:03 PM,6000 BLOCK OF MC KINLEY AVE SAN BERNARDINO COUNTY,34.1445192,-117.2378357
Other,02/10/19,01:46 PM,7100 BLOCK OF GLASGOW AVE SAN BERNARDINO COUNTY,34.1249742,-117.2548935
Other,02/10/19,02:24 PM,400 BLOCK OF N WATERMAN AVE SAN BERNARDINO COUNTY,34.1065209,-117.2789798
Theft,02/10/19,03:31 AM,6200 BLOCK OF NEWBURY ST SAN BERNARDINO COUNTY,34.1387868,-117.2443795
Other,02/10/19,06:29 AM,2700 BLOCK OF N MACY ST SAN BERNARDINO COUNTY,34.1451823,-117.3403474
Burglary,02/10/19,07:44 AM,7900 BLOCK OF TIPPECANOE AVE SAN BERNARDINO COUNTY,34.110188,-117.261006
Other,02/10/19,09:38 AM,400 BLOCK OF N WATERMAN AVE SAN BERNARDINO COUNTY,34.1065209,-117.2789798
Other,02/10/19,09:39 AM,1900 BLOCK OF MALLORY ST SAN BERNARDINO COUNTY,34.1432833,-117.3311163
Vandalism,02/10/19,09:41 AM,800 BLOCK OF W OLIVE ST SAN BERNARDINO COUNTY,34.1186426,-117.3009115
Other,02/10/19,01:08 AM,2200 BLOCK OF W DARBY ST SAN BERNARDINO COUNTY,34.147213,-117.3442354
Other,02/09/19,10:42 PM,EUCALYPTUS DR/HOLLY VISTA BLVD SAN BERNARDINO COUNTY,34.1445142,-117.2320381
Other,02/09/19,12:46 PM,VERMONT ST/W 1ST AVE SAN BERNARDINO COUNTY,34.1598403,-117.3529379
Other,02/09/19,01:29 PM,2300 BLOCK OF W 3RD AVE SAN BERNARDINO COUNTY,34.1651257,-117.3486147
Assault,02/09/19,02:54 PM,4200 BLOCK OF CEDAR DR SAN BERNARDINO COUNTY,34.1720668,-117.3084134
Arrest,02/09/19,05:28 PM,DUFFY ST/W OGDEN ST SAN BERNARDINO COUNTY,34.1542309,-117.344188
Shooting,02/09/19,06:13 PM,N TIPPECANOE AVE/E BASELINE ST SAN BERNARDINO COUNTY,34.1213268,-117.2609628
Other,02/09/19,07:07 PM,3800 BLOCK OF N FERNDALE AVE SAN BERNARDINO COUNTY,34.1592876,-117.2582725
Other,02/09/19,11:26 AM,7200 BLOCK OF N CONEJO DR SAN BERNARDINO COUNTY,34.123147,-117.2593211
Other,02/09/19,11:27 AM,2700 BLOCK OF N MACY ST SAN BERNARDINO COUNTY,34.1451823,-117.3403474
Other,02/09/19,11:36 AM,5900 BLOCK OF N IRONWOOD ST SAN BERNARDINO COUNTY,34.1467206,-117.2494693
Arrest,02/09/19,12:16 AM,E HIGHLAND AVE/STATE HWY 210 ONRP W SAN BERNARDINO COUNTY,34.1358525,-117.2408091
Burglary,02/09/19,12:21 AM,7000 BLOCK OF N CONEJO DR SAN BERNARDINO COUNTY,34.1268556,-117.2592545
Arrest,02/08/19,06:55 PM,N HARRISON ST/E HAMPSHIRE AVE SAN BERNARDINO COUNTY,34.1532449,-117.2644359
Assault,02/08/19,08:16 PM,7000 BLOCK OF GARDEN DR SAN BERNARDINO COUNTY,34.1267233,-117.2608459
Shooting,02/08/19,08:35 PM,ELMWOOD RD/E DEL ROSA AVE SAN BERNARDINO COUNTY,34.1467473,-117.2514634
Burglary,02/08/19,08:42 PM,5700 BLOCK OF GOLONDRINA DR SAN BERNARDINO COUNTY,34.1503321,-117.2464223
Assault,02/08/19,09:14 PM,5TH ST/TIPPECANOE AVE SAN BERNARDINO COUNTY,34.1083389,-117.2610339
Burglary,02/08/19,01:23 PM,25400 BLOCK OF 26TH ST SAN BERNARDINO COUNTY,34.1392861,-117.2493787
Burglary,02/08/19,01:24 PM,25400 BLOCK OF 20TH ST SAN BERNARDINO COUNTY,34.1341571,-117.2502264
Other,02/08/19,01:46 PM,W 1ST AVE/GRAY ST SAN BERNARDINO COUNTY,34.1598628,-117.3616537
Other,02/08/19,02:22 PM,6900 BLOCK OF GLASGOW AVE SAN BERNARDINO COUNTY,34.1286212,-117.2545464
Burglary,02/08/19,02:43 PM,700 BLOCK OF W 40TH ST SAN BERNARDINO COUNTY,34.1650334,-117.2989333
Other,02/08/19,03:24 PM,2500 BLOCK OF W 1ST AVE SAN BERNARDINO COUNTY,34.1600851,-117.3574864
Other,02/08/19,04:05 PM,2000 BLOCK OF W PORTER ST SAN BERNARDINO COUNTY,34.14186,-117.3356784
Burglary,02/08/19,05:51 PM,800 BLOCK OF W 40TH ST SAN BERNARDINO COUNTY,34.1646197,-117.300469
Shooting,02/08/19,06:41 PM,E 3RD ST/N WATERMAN AVE SAN BERNARDINO COUNTY,34.1045992,-117.2787601
Other,02/08/19,06:53 PM,3200 BLOCK OF WAGON TRAIN RD SAN BERNARDINO COUNTY,34.3084719,-117.4677993
Burglary,02/08/19,06:54 PM,2000 BLOCK OF W PORTER ST SAN BERNARDINO COUNTY,34.14186,-117.3356784
Theft,02/08/19,10:03 AM,W 48TH ST/N F ST SAN BERNARDINO COUNTY,34.1718614,-117.3027141
Other,02/08/19,10:12 AM,2400 BLOCK OF W 1ST AVE SAN BERNARDINO COUNTY,34.1599225,-117.3531676
Other,02/08/19,10:43 AM,3500 BLOCK OF N CAJON BLVD SAN BERNARDINO COUNTY,34.1572249,-117.3352682
Other,02/07/19,09:02 PM,25200 BLOCK OF PACIFIC ST SAN BERNARDINO COUNTY,34.1286212,-117.254525
Theft,02/07/19,10:01 PM,6800 BLOCK OF GLASGOW AVE SAN BERNARDINO COUNTY,34.1308131,-117.2546172
Arrest,02/07/19,10:02 PM,N UNIVERSITY PKWY/INTERCHANGE DR SAN BERNARDINO COUNTY,34.1591396,-117.3349745
Other,02/07/19,12:59 PM,BESSANT ST/DEL ROSA DR SAN BERNARDINO COUNTY,34.1243576,-117.25252
Other,02/07/19,01:09 PM,2300 BLOCK OF W BLAKE ST SAN BERNARDINO COUNTY,34.1506176,-117.3485946
Theft,02/07/19,01:46 PM,5500 BLOCK OF GOLONDRINA DR SAN BERNARDINO COUNTY,34.1539875,-117.2464988
Theft,02/07/19,02:17 PM,11800 BLOCK OF RECHE CANYON RD SAN BERNARDINO COUNTY,34.0235652,-117.2739391
Other,02/07/19,03:11 PM,7000 BLOCK OF GARDEN DR SAN BERNARDINO COUNTY,34.1267233,-117.2608459
Other,02/07/19,03:58 PM,W BLAKE ST/JUNE ST SAN BERNARDINO COUNTY,34.1506175,-117.3485729
Theft,02/07/19,03:58 PM,6200 BLOCK OF W CAJON BLVD SAN BERNARDINO COUNTY,34.188584,-117.3660509
Other,02/07/19,04:16 PM,7100 BLOCK OF FAIRFAX DR SAN BERNARDINO COUNTY,34.124804,-117.2574325
Other,02/07/19,04:36 PM,2200 BLOCK OF W DARBY ST SAN BERNARDINO COUNTY,34.147213,-117.3442354
Theft,02/07/19,06:21 PM,8600 BLOCK OF SWARTHOUT CANYON RD SAN BERNARDINO COUNTY,34.2805082,-117.4773282
Other,02/07/19,10:05 AM,25700 BLOCK OF ALTO DR SAN BERNARDINO COUNTY,34.1560979,-117.2430768
Other,02/07/19,11:11 AM,800 BLOCK OF W G ST SAN BERNARDINO COUNTY,34.0707553,-117.3355556
Other,02/06/19,10:17 PM,6700 BLOCK OF DWIGHT WAY SAN BERNARDINO COUNTY,34.131808,-117.2561317
Other,02/06/19,04:16 AM,700 BLOCK OF W 40TH ST SAN BERNARDINO COUNTY,34.1650334,-117.2989333
Assault,02/05/19,07:17 PM,3200 BLOCK OF N ERWIN AVE SAN BERNARDINO COUNTY,34.1502351,-117.2584782
Assault,02/05/19,09:31 PM,DEL ROSA AVE/E DEL ROSA AVE SAN BERNARDINO COUNTY,34.1180322,-117.2502118
Theft,02/05/19,12:28 PM,2500 BLOCK OF N STATE ST SAN BERNARDINO COUNTY,34.1415157,-117.3354627
Burglary,02/05/19,01:59 PM,1100 BLOCK OF W 48TH ST SAN BERNARDINO COUNTY,34.1717876,-117.3123912
Other,02/05/19,03:06 PM,24600 BLOCK OF 4TH ST SAN BERNARDINO COUNTY,34.1064622,-117.2689171
Other,02/05/19,03:57 PM,5800 BLOCK OF STANTON AVE SAN BERNARDINO COUNTY,34.9592083,-116.419389
Other,02/05/19,05:09 PM,4000 BLOCK OF N E ST SAN BERNARDINO COUNTY,34.1648009,-117.3004725
Arrest,02/05/19,05:11 PM,I 15 FWY N/KENWOOD AVE SAN BERNARDINO COUNTY,34.3117,-117.475
Burglary,02/05/19,05:28 PM,600 BLOCK OF W 48TH ST SAN BERNARDINO COUNTY,34.1721385,-117.2965522
Other,02/05/19,10:47 AM,6500 BLOCK OF MERITO PL SAN BERNARDINO COUNTY,34.1358467,-117.247616
Other,02/04/19,08:04 PM,1900 BLOCK OF W DARBY ST SAN BERNARDINO COUNTY,34.1469177,-117.3311205
Other,02/04/19,12:41 PM,600 BLOCK OF E 3RD ST SAN BERNARDINO COUNTY,34.1043088,-117.2731687
Burglary,02/04/19,01:32 PM,2000 BLOCK OF W MESA ST SAN BERNARDINO COUNTY,34.1401046,-117.3356829
Other,02/04/19,05:24 PM,7200 BLOCK OF N YATES ST SAN BERNARDINO COUNTY,34.1228645,-117.2535255
Other,02/04/19,02:36 AM,800 BLOCK OF WOODLAWN AVE SAN BERNARDINO COUNTY,34.2392246,-117.4164378
Theft,02/04/19,05:28 AM,24700 BLOCK OF COURT ST SAN BERNARDINO COUNTY,34.1055342,-117.2667752
Assault,02/04/19,10:20 AM,2000 BLOCK OF MALLORY ST SAN BERNARDINO COUNTY,34.1433028,-117.335521
Theft,02/04/19,10:24 AM,19600 BLOCK OF KENDALL DR SAN BERNARDINO COUNTY,34.1743571,-117.3269537
Theft,02/04/19,10:32 AM,NEDLEE AVE/DEVORE RD SAN BERNARDINO COUNTY,34.227633,-117.4041328
Other,02/04/19,11:34 AM,7100 BLOCK OF N CONEJO DR SAN BERNARDINO COUNTY,34.1250027,-117.2593257
Assault,02/04/19,12:14 AM,4200 BLOCK OF CYPRESS DR SAN BERNARDINO COUNTY,34.1718039,-117.3103301
Other,02/04/19,12:38 AM,2800 BLOCK OF DUFFY ST SAN BERNARDINO COUNTY,34.1470119,-117.3441918
Other,02/03/19,07:27 PM,2200 BLOCK OF MALLORY ST SAN BERNARDINO COUNTY,34.1433502,-117.344192
Other,02/03/19,08:46 PM,7000 BLOCK OF DWIGHT WAY SAN BERNARDINO COUNTY,34.1268007,-117.2563057
Theft,02/03/19,08:47 PM,20100 BLOCK OF KENDALL DR SAN BERNARDINO COUNTY,34.1743571,-117.3269537
Theft,02/03/19,09:32 PM,N STATE ST/NOLAN ST SAN BERNARDINO COUNTY,34.1525385,-117.3355261
Other,02/03/19,01:25 PM,1000 BLOCK OF W VALLEY BLVD SAN BERNARDINO COUNTY,34.0688911,-117.342028
Theft,02/03/19,02:15 PM,2000 BLOCK OF W 1ST AVE SAN BERNARDINO COUNTY,34.1609683,-117.338874
Other,02/03/19,07:07 PM,3600 BLOCK OF N MOUNTAIN AVE SAN BERNARDINO COUNTY,34.1569744,-117.2572198
Other,02/03/19,04:38 AM,5TH ST/WHITLOCK AVE SAN BERNARDINO COUNTY,34.1083399,-117.2638893
Other,02/03/19,06:20 AM,3600 BLOCK OF N MOUNTAIN AVE SAN BERNARDINO COUNTY,34.1569744,-117.2572198
Theft,02/03/19,09:18 AM,25800 BLOCK OF 28TH ST SAN BERNARDINO COUNTY,34.1424758,-117.241706
Other,02/03/19,12:06 AM,7100 BLOCK OF N CONEJO DR SAN BERNARDINO COUNTY,34.1250027,-117.2593257
Other,02/02/19,09:55 PM,7000 BLOCK OF GARDEN DR SAN BERNARDINO COUNTY,34.1267233,-117.2608459
Other,02/02/19,10:21 PM,25700 BLOCK OF MESA CT SAN BERNARDINO COUNTY,34.1545039,-117.2432618
Assault,02/02/19,10:47 PM,1900 BLOCK OF W DARBY ST SAN BERNARDINO COUNTY,34.1469177,-117.3311205
Shooting,02/02/19,12:55 PM,1100 BLOCK OF W 48TH ST SAN BERNARDINO COUNTY,34.1717876,-117.3123912
Assault,02/02/19,01:26 PM,24600 BLOCK OF LITTLE 3RD ST SAN BERNARDINO COUNTY,34.1046828,-117.2688989
Theft,02/02/19,05:06 PM,1900 BLOCK OF W DARBY ST SAN BERNARDINO COUNTY,34.1469177,-117.3311205
Vandalism,02/02/19,05:19 PM,4000 BLOCK OF N 3RD AVE SAN BERNARDINO COUNTY,34.1645927,-117.3048244
Other,02/02/19,05:34 PM,600 BLOCK OF W 41ST ST SAN BERNARDINO COUNTY,34.1684455,-117.2964117
Other,02/02/19,07:03 PM,3000 BLOCK OF VERMONT ST SAN BERNARDINO COUNTY,34.1506756,-117.3531879
Other,02/02/19,04:23 AM,7200 BLOCK OF N BARTON ST SAN BERNARDINO COUNTY,34.1212053,-117.26454
Theft,02/02/19,06:52 AM,900 BLOCK OF W OLIVE ST SAN BERNARDINO COUNTY,34.1188108,-117.3037758
Theft,02/02/19,11:01 AM,3100 BLOCK OF VERMONT ST SAN BERNARDINO COUNTY,34.152608,-117.353411
Other,02/02/19,01:35 AM,WHITLOCK AVE/5TH ST SAN BERNARDINO COUNTY,34.1083399,-117.2638893
Robbery,02/01/19,08:19 PM,2000 BLOCK OF W MESA ST SAN BERNARDINO COUNTY,34.1401046,-117.3356829
Other,02/01/19,08:49 PM,25700 BLOCK OF ALTO DR SAN BERNARDINO COUNTY,34.1560979,-117.2430768
Other,02/01/19,12:27 PM,3800 BLOCK OF JUNE ST SAN BERNARDINO COUNTY,34.1653665,-117.3488281
Other,02/01/19,01:15 PM,900 BLOCK OF DEVORE RD SAN BERNARDINO COUNTY,34.238046,-117.40622
Assault,02/01/19,01:27 PM,WHITLOCK AVE/5TH ST SAN BERNARDINO COUNTY,34.1083399,-117.2638893
Theft,02/01/19,04:42 PM,1800 BLOCK OF FORREST LN SAN BERNARDINO COUNTY,34.219431,-117.2926554
Other,02/01/19,05:14 AM,800 BLOCK OF W C ST SAN BERNARDINO COUNTY,34.9592083,-116.419389
Theft,02/01/19,10:32 AM,4100 BLOCK OF MOUNTAIN DR SAN BERNARDINO COUNTY,34.1683911,-117.3073917
Assault,02/01/19,11:18 AM,5300 BLOCK OF ELM AVE SAN BERNARDINO COUNTY,34.1575542,-117.245297
Other,02/01/19,11:48 AM,6900 BLOCK OF GARDEN DR SAN BERNARDINO COUNTY,34.1286131,-117.2604079
Other,02/01/19,01:48 AM,4000 BLOCK OF N F ST SAN BERNARDINO COUNTY,34.1647851,-117.3031541
Other,02/01/19,03:08 AM,3200 BLOCK OF VERMONT ST SAN BERNARDINO COUNTY,34.1543016,-117.3529374
Other,01/31/19,07:17 PM,1000 BLOCK OF W OLIVE ST SAN BERNARDINO COUNTY,34.1186561,-117.305694
Other,01/31/19,06:22 PM,7000 BLOCK OF GLASGOW AVE SAN BERNARDINO COUNTY,34.1267098,-117.2548957
Other,01/31/19,10:43 AM,2800 BLOCK OF DUFFY ST SAN BERNARDINO COUNTY,34.1470119,-117.3441918
Other,01/31/19,11:06 AM,3500 BLOCK OF BRONSON ST SAN BERNARDINO COUNTY,34.1598912,-117.3572962
Shooting,01/31/19,02:32 AM,5300 BLOCK OF N CHIQUITA LN SAN BERNARDINO COUNTY,34.1575793,-117.2490209
Other,01/30/19,08:23 PM,2000 BLOCK OF W BLAKE ST SAN BERNARDINO COUNTY,34.1505613,-117.3354965
Theft,01/30/19,08:55 PM,BLAKE ST SAN BERNARDINO COUNTY,34.1506039,-117.3463859
Arrest,01/30/19,10:34 PM,N E ST/W 40TH ST SAN BERNARDINO COUNTY,34.1646541,-117.2953836
Other,01/30/19,01:49 PM,24500 BLOCK OF 4TH ST SAN BERNARDINO COUNTY,34.1064625,-117.2715949
Assault,01/30/19,02:18 PM,26700 BLOCK OF BARTON RD SAN BERNARDINO COUNTY,34.0482922,-117.2217166
Other,01/30/19,03:50 PM,CAJON/GLEN HELEN PKWY SAN BERNARDINO COUNTY,34.2077816,-117.4058891
Other,01/30/19,04:29 PM,2200 BLOCK OF W BLAKE ST SAN BERNARDINO COUNTY,34.1505968,-117.3441897
Vandalism,01/30/19,04:37 PM,25700 BLOCK OF HOLLY VISTA BLVD SAN BERNARDINO COUNTY,34.1445339,-117.2430066
Other,01/30/19,05:56 PM,W OGDEN ST/VERMONT ST SAN BERNARDINO COUNTY,34.1578895,-117.3529359
Assault,01/30/19,06:05 PM,2100 BLOCK OF N WATERMAN AVE SAN BERNARDINO COUNTY,34.1340959,-117.2787406
Other,01/30/19,07:05 PM,25700 BLOCK OF HOLLY VISTA BLVD SAN BERNARDINO COUNTY,34.1445339,-117.2430066
Theft,01/30/19,03:07 AM,5800 BLOCK OF MERITO AVE SAN BERNARDINO COUNTY,34.1486429,-117.2471959
Other,01/30/19,04:57 AM,25800 BLOCK OF 26TH ST SAN BERNARDINO COUNTY,34.1397032,-117.2415372
Other,01/30/19,10:29 AM,1300 BLOCK OF E MARSHALL BLVD SAN BERNARDINO COUNTY,34.1497075,-117.2582079
Other,01/30/19,12:00 PM,25700 BLOCK OF HOLLY VISTA BLVD SAN BERNARDINO COUNTY,34.1445339,-117.2430066
Assault,01/30/19,12:28 AM,25400 BLOCK OF EUREKA ST SAN BERNARDINO COUNTY,34.152413,-117.2502563
Other,01/30/19,01:11 AM,26TH ST/ARGYLE AVE SAN BERNARDINO COUNTY,34.1394789,-117.243075
Assault,01/29/19,09:52 PM,2000 BLOCK OF W MESA ST SAN BERNARDINO COUNTY,34.1401046,-117.3356829
Vandalism,01/29/19,10:57 PM,25800 BLOCK OF 26TH ST SAN BERNARDINO COUNTY,34.1397032,-117.2415372
Other,01/29/19,11:01 PM,7100 BLOCK OF N CONEJO DR SAN BERNARDINO COUNTY,34.1250027,-117.2593257
Theft,01/29/19,12:21 PM,W 3RD AVE/JUNE ST SAN BERNARDINO COUNTY,34.1651256,-117.3485711
Other,01/29/19,03:58 PM,1000 BLOCK OF W VALLEY BLVD SAN BERNARDINO COUNTY,34.0688911,-117.342028
Vandalism,01/29/19,04:03 PM,3300 BLOCK OF N ERWIN AVE SAN BERNARDINO COUNTY,34.1507728,-117.2585325
Other,01/29/19,04:26 PM,25500 BLOCK OF PASITO ST SAN BERNARDINO COUNTY,34.1293584,-117.2469618
Other,01/29/19,04:49 PM,2000 BLOCK OF W PORTER ST SAN BERNARDINO COUNTY,34.14186,-117.3356784
Vandalism,01/29/19,08:12 AM,1900 BLOCK OF W MESA ST SAN BERNARDINO COUNTY,34.1400473,-117.3314001
Theft,01/29/19,08:27 AM,25800 BLOCK OF 27TH ST SAN BERNARDINO COUNTY,34.1400863,-117.2443508
Shooting,01/29/19,08:39 AM,5900 BLOCK OF DOGWOOD ST SAN BERNARDINO COUNTY,34.146724,-117.2504603
Theft,01/29/19,12:22 PM,2700 BLOCK OF N MACY ST SAN BERNARDINO COUNTY,34.1451823,-117.3403474
Arrest,01/28/19,09:00 PM,W 41ST ST/N F ST SAN BERNARDINO COUNTY,34.1682816,-117.2961319
Other,01/28/19,10:36 PM,700 BLOCK OF W 40TH ST SAN BERNARDINO COUNTY,34.1650334,-117.2989333
Other,01/28/19,11:03 PM,2200 BLOCK OF W BLAKE ST SAN BERNARDINO COUNTY,34.1505968,-117.3441897
Other,01/28/19,12:58 PM,5400 BLOCK OF N ELMWOOD RD SAN BERNARDINO COUNTY,34.1558094,-117.2520727
Theft,01/28/19,02:59 PM,1100 BLOCK OF W RESERVOIR DR SAN BERNARDINO COUNTY,34.1736568,-117.30817
Burglary,01/28/19,04:35 PM,3700 BLOCK OF N CAJON BLVD SAN BERNARDINO COUNTY,34.1609801,-117.3388565
Assault,01/28/19,04:54 PM,1900 BLOCK OF NOLAN ST SAN BERNARDINO COUNTY,34.1488415,-117.33152
Shooting,01/28/19,05:15 PM,GLASGOW AVE/ANSON ST SAN BERNARDINO COUNTY,34.1277691,-117.254543
Other,01/28/19,08:41 AM,24600 BLOCK OF 6TH ST SAN BERNARDINO COUNTY,34.1102136,-117.2675919
Assault,01/28/19,11:05 AM,5900 BLOCK OF DOGWOOD ST SAN BERNARDINO COUNTY,34.146724,-117.2504603
Other,01/28/19,11:19 AM,2800 BLOCK OF N STATE ST SAN BERNARDINO COUNTY,34.1470596,-117.3356405
Theft,01/28/19,11:47 AM,6TH ST/TIPPECANOE AVE SAN BERNARDINO COUNTY,34.0881376,-117.2602434
Other,01/28/19,12:19 AM,2100 BLOCK OF W KERN ST SAN BERNARDINO COUNTY,34.1542185,-117.3398301
Other,01/28/19,12:45 AM,2800 BLOCK OF N STATE ST SAN BERNARDINO COUNTY,34.1470596,-117.3356405
Shooting,01/27/19,09:37 PM,19TH ST/ELM AVE SAN BERNARDINO COUNTY,34.1334016,-117.2442473
Vandalism,01/27/19,10:09 PM,3200 BLOCK OF N GARDEN DR SAN BERNARDINO COUNTY,34.1494992,-117.2602307
Arrest,01/27/19,12:14 PM,N CAJON BLVD/SHORT ST SAN BERNARDINO COUNTY,34.154879,-117.3330318
Other,01/27/19,01:27 PM,N MACY ST/W DARBY ST SAN BERNARDINO COUNTY,34.1469587,-117.3398292
Other,01/27/19,03:16 PM,3100 BLOCK OF DUFFY ST SAN BERNARDINO COUNTY,34.1522798,-117.3442724
Vandalism,01/27/19,03:51 PM,3600 BLOCK OF N CAJON BLVD SAN BERNARDINO COUNTY,34.1593543,-117.3377305
Theft,01/27/19,04:48 PM,25800 BLOCK OF 27TH ST SAN BERNARDINO COUNTY,34.1400863,-117.2443508
Shooting,01/27/19,06:02 PM,LYNWOOD DR/N DEL ROSA AVE SAN BERNARDINO COUNTY,34.1467536,-117.2567767
Other,01/27/19,07:40 AM,3100 BLOCK OF OTTO ST SAN BERNARDINO COUNTY,34.1524769,-117.3509387
Arrest,01/27/19,09:38 AM,E 33RD ST/N GOLDEN AVE SAN BERNARDINO COUNTY,34.1518021,-117.2617717
Vandalism,01/27/19,10:17 AM,6800 BLOCK OF GOLONDRINA DR SAN BERNARDINO COUNTY,34.1303623,-117.2472264
Arrest,01/27/19,10:28 AM,24200 BLOCK OF 5TH ST SAN BERNARDINO COUNTY,34.1085844,-117.2771803
Other,01/27/19,12:24 PM,5400 BLOCK OF N ELMWOOD RD SAN BERNARDINO COUNTY,34.1558094,-117.2520727
Other,01/27/19,12:58 AM,3100 BLOCK OF DUFFY ST SAN BERNARDINO COUNTY,34.1522798,-117.3442724
Other,01/27/19,01:51 AM,3100 BLOCK OF DUFFY ST SAN BERNARDINO COUNTY,34.1522798,-117.3442724
Other,01/27/19,03:26 AM,25500 BLOCK OF 17TH ST SAN BERNARDINO COUNTY,34.1297653,-117.2501974
Burglary,01/26/19,07:15 PM,3600 BLOCK OF NOLAN ST SAN BERNARDINO COUNTY,34.1626836,-117.3433498
Other,01/26/19,07:53 PM,7100 BLOCK OF FAIRFAX DR SAN BERNARDINO COUNTY,34.124804,-117.2574325
Other,01/26/19,07:57 PM,7100 BLOCK OF FAIRFAX DR SAN BERNARDINO COUNTY,34.124804,-117.2574325
Theft,01/26/19,01:44 PM,24500 BLOCK OF 4TH ST SAN BERNARDINO COUNTY,34.1064625,-117.2715949
Other,01/26/19,04:42 PM,8100 BLOCK OF WHITLOCK AVE SAN BERNARDINO COUNTY,34.1064511,-117.2639085
Other,01/26/19,07:10 AM,25700 BLOCK OF ALTO DR SAN BERNARDINO COUNTY,34.1560979,-117.2430768
Other,01/26/19,08:36 AM,2000 BLOCK OF W ADAMS ST SAN BERNARDINO COUNTY,34.1378737,-117.3354604
Theft,01/26/19,08:43 AM,5800 BLOCK OF N CHIQUITA LN SAN BERNARDINO COUNTY,34.1485999,-117.249188
Other,01/25/19,07:50 PM,W DARBY ST/N MACY ST SAN BERNARDINO COUNTY,34.1469587,-117.3398292
Other,01/25/19,07:57 PM,SUNNYSIDE AVE/4TH ST SAN BERNARDINO COUNTY,34.1064619,-117.2625553
Other,01/25/19,11:01 PM,24500 BLOCK OF 4TH ST SAN BERNARDINO COUNTY,34.1064625,-117.2715949
Other,01/25/19,11:40 PM,5900 BLOCK OF N BLYTHE AVE SAN BERNARDINO COUNTY,34.1466944,-117.231093
Arrest,01/25/19,11:50 AM,3600 BLOCK OF FERNDALE AVE SAN BERNARDINO COUNTY,34.1565061,-117.2582617
Other,01/25/19,06:28 PM,4000 BLOCK OF COTTAGE DR SAN BERNARDINO COUNTY,34.1646555,-117.297185
Assault,01/25/19,11:13 AM,1900 BLOCK OF W KERN ST SAN BERNARDINO COUNTY,34.1572087,-117.3352924
Other,01/25/19,11:53 AM,7100 BLOCK OF TIPPECANOE AVE SAN BERNARDINO COUNTY,34.0661597,-117.2612831
Other,01/25/19,12:39 AM,7000 BLOCK OF GLASGOW AVE SAN BERNARDINO COUNTY,34.1267098,-117.2548957
Vandalism,01/24/19,06:03 PM,3700 BLOCK OF N OXFORD LN SAN BERNARDINO COUNTY,34.1588245,-117.2582652
Assault,01/24/19,05:28 PM,N MACY ST/W DARBY ST SAN BERNARDINO COUNTY,34.1469587,-117.3398292
Other,01/24/19,06:03 PM,3700 BLOCK OF N OXFORD LN SAN BERNARDINO COUNTY,34.1588245,-117.2582652
Other,01/24/19,06:36 AM,24500 BLOCK OF 4TH ST SAN BERNARDINO COUNTY,34.1064625,-117.2715949
Burglary,01/24/19,09:31 AM,31000 BLOCK OF COLTON AVE SAN BERNARDINO COUNTY,34.0615362,-117.1292787
Assault,01/24/19,09:39 AM,DWIGHT WAY/N DWIGHT WAY SAN BERNARDINO COUNTY,34.163035,-117.2563228
Other,01/23/19,07:34 PM,24500 BLOCK OF 4TH ST SAN BERNARDINO COUNTY,34.1064625,-117.2715949
Vandalism,01/23/19,08:29 PM,8100 BLOCK OF WHITLOCK AVE SAN BERNARDINO COUNTY,34.1064511,-117.2639085
Assault,01/23/19,09:38 PM,4000 BLOCK OF N F ST SAN BERNARDINO COUNTY,34.1647851,-117.3031541
Vandalism,01/23/19,12:47 PM,3800 BLOCK OF FERNDALE AVE SAN BERNARDINO COUNTY,34.1592876,-117.2582725
Theft,01/23/19,02:19 PM,1900 BLOCK OF W DARBY ST SAN BERNARDINO COUNTY,34.1469177,-117.3311205
Other,01/23/19,02:26 PM,2000 BLOCK OF W ADAMS ST SAN BERNARDINO COUNTY,34.1378737,-117.3354604
Vandalism,01/23/19,03:16 PM,2200 BLOCK OF W KERN ST SAN BERNARDINO COUNTY,34.1546252,-117.3444052
Other,01/23/19,05:03 PM,8100 BLOCK OF WHITLOCK AVE SAN BERNARDINO COUNTY,34.1064511,-117.2639085
Other,01/23/19,05:53 AM,2200 BLOCK OF W BLAKE ST SAN BERNARDINO COUNTY,34.1505968,-117.3441897
Theft,01/23/19,07:14 AM,3600 BLOCK OF N MOUNTAIN AVE SAN BERNARDINO COUNTY,34.1569744,-117.2572198
Other,01/23/19,08:17 AM,6900 BLOCK OF DWIGHT WAY SAN BERNARDINO COUNTY,34.1280691,-117.2559636
Other,01/23/19,08:59 AM,7100 BLOCK OF N CONEJO DR SAN BERNARDINO COUNTY,34.1250027,-117.2593257
Theft,01/23/19,11:13 AM,6900 BLOCK OF DWIGHT WAY SAN BERNARDINO COUNTY,34.1280691,-117.2559636
Other,01/23/19,11:24 AM,6900 BLOCK OF DWIGHT WAY SAN BERNARDINO COUNTY,34.1280691,-117.2559636
Other,01/23/19,11:54 AM,7100 BLOCK OF GLASGOW AVE SAN BERNARDINO COUNTY,34.1249742,-117.2548935
Theft,01/23/19,12:30 PM,2200 BLOCK OF W KERN ST SAN BERNARDINO COUNTY,34.1546252,-117.3444052
Assault,01/23/19,12:14 AM,3100 BLOCK OF N HARRISON ST SAN BERNARDINO COUNTY,34.1467645,-117.2644263
Other,01/22/19,11:27 PM,6900 BLOCK OF TIPPECANOE AVE SAN BERNARDINO COUNTY,34.1285416,-117.2622291
Other,01/22/19,12:50 PM,7000 BLOCK OF PERRIS HILL RD SAN BERNARDINO COUNTY,34.1268144,-117.2637074
Other,01/22/19,12:53 PM,3700 BLOCK OF GRAY ST SAN BERNARDINO COUNTY,34.163454,-117.3621755
Assault,01/22/19,02:03 PM,00 BLOCK OF DART ST SAN BERNARDINO COUNTY,34.1289623,-117.2684868
Other,01/22/19,04:27 PM,7100 BLOCK OF N CONEJO DR SAN BERNARDINO COUNTY,34.1250027,-117.2593257
Other,01/22/19,04:47 PM,24700 BLOCK OF 5TH ST SAN BERNARDINO COUNTY,34.1083301,-117.2666691
Other,01/22/19,07:24 PM,2800 BLOCK OF N MACY ST SAN BERNARDINO COUNTY,34.1469949,-117.3398293
Other,01/21/19,11:09 AM,NOLAN ST/N STATE ST SAN BERNARDINO COUNTY,34.1525385,-117.3355261
Burglary,01/21/19,11:33 AM,25700 BLOCK OF 26TH ST SAN BERNARDINO COUNTY,34.1394788,-117.2430421
Assault,01/21/19,01:33 PM,5300 BLOCK OF ELM AVE SAN BERNARDINO COUNTY,34.1575542,-117.245297
Other,01/21/19,07:16 PM,7100 BLOCK OF N CONEJO DR SAN BERNARDINO COUNTY,34.1250027,-117.2593257
Other,01/21/19,09:25 PM,900 BLOCK OF W 40TH ST SAN BERNARDINO COUNTY,34.1646072,-117.3026445
Arrest,01/19/19,02:40 AM,E 3RD ST/PEDLEY RD SAN BERNARDINO COUNTY,34.1043102,-117.266787
Other,01/19/19,07:01 AM,6700 BLOCK OF DEL ROSA DR SAN BERNARDINO COUNTY,34.1322526,-117.2523596
Other,01/19/19,07:44 AM,7200 BLOCK OF N YATES ST SAN BERNARDINO COUNTY,34.1228645,-117.2535255
Other,01/19/19,02:57 AM,4000 BLOCK OF N 1ST AVE SAN BERNARDINO COUNTY,34.1646833,-117.2960996
Shooting,01/18/19,09:24 PM,BESSANT ST/DEL ROSA DR SAN BERNARDINO COUNTY,34.1243576,-117.25252
Assault,01/18/19,01:46 PM,5300 BLOCK OF N ELMWOOD RD SAN BERNARDINO COUNTY,34.157598,-117.2517949
Arrest,01/18/19,02:27 PM,7200 BLOCK OF N CONEJO DR SAN BERNARDINO COUNTY,34.123147,-117.2593211
Theft,01/18/19,03:06 PM,3500 BLOCK OF JUNE ST SAN BERNARDINO COUNTY,34.1598236,-117.3485744
Burglary,01/18/19,04:15 PM,2100 BLOCK OF W BLAKE ST SAN BERNARDINO COUNTY,34.1505752,-117.339882
Burglary,01/18/19,05:28 PM,3700 BLOCK OF GRAY ST SAN BERNARDINO COUNTY,34.163454,-117.3621755
Other,01/18/19,07:33 AM,6100 BLOCK OF NEWCOMB ST SAN BERNARDINO COUNTY,34.1430521,-117.2391579
Shooting,01/17/19,08:43 PM,CYPRESS DR/W RESERVOIR DR SAN BERNARDINO COUNTY,34.173635,-117.3103503
Assault,01/17/19,10:32 PM,1200 BLOCK OF E MARSHALL BLVD SAN BERNARDINO COUNTY,34.1494778,-117.2611295
Other,01/17/19,12:50 PM,19400 BLOCK OF KENDALL DR SAN BERNARDINO COUNTY,34.1743571,-117.3269537
Other,01/17/19,02:03 PM,25200 BLOCK OF E 3RD ST SAN BERNARDINO COUNTY,34.1045417,-117.2550514
Theft,01/17/19,04:31 PM,800 BLOCK OF W B ST SAN BERNARDINO COUNTY,34.0643209,-117.6630232
Burglary,01/17/19,01:03 AM,25700 BLOCK OF 26TH ST SAN BERNARDINO COUNTY,34.1394788,-117.2430421
Assault,01/17/19,10:02 AM,4200 BLOCK OF MOUNTAIN DR SAN BERNARDINO COUNTY,34.1718338,-117.3070625
Other,01/16/19,10:26 PM,7100 BLOCK OF N CONEJO DR SAN BERNARDINO COUNTY,34.1250027,-117.2593257
Assault,01/16/19,01:05 PM,900 BLOCK OF W VALLEY BLVD SAN BERNARDINO COUNTY,34.0687143,-117.3389005
Theft,01/16/19,01:54 PM,4200 BLOCK OF N F ST SAN BERNARDINO COUNTY,34.1720443,-117.3031387
Theft,01/16/19,02:13 PM,19600 BLOCK OF KENDALL DR SAN BERNARDINO COUNTY,34.1743571,-117.3269537
Burglary,01/16/19,03:23 PM,N DEL ROSA AVE/LYNWOOD DR SAN BERNARDINO COUNTY,34.1467463,-117.2524118
Other,01/16/19,05:34 PM,5600 BLOCK OF PALOMAR AVE SAN BERNARDINO COUNTY,34.152177,-117.2379966
Shooting,01/16/19,06:47 PM,E 17TH ST/GLASGOW AVE SAN BERNARDINO COUNTY,34.1298143,-117.2545286
Burglary,01/16/19,07:07 PM,4200 BLOCK OF N 4TH AVE SAN BERNARDINO COUNTY,34.1718184,-117.3092396
Other,01/16/19,11:30 AM,24700 BLOCK OF 4TH ST SAN BERNARDINO COUNTY,34.1064639,-117.2667762
Other,01/16/19,11:44 AM,3500 BLOCK OF BRONSON ST SAN BERNARDINO COUNTY,34.1598912,-117.3572962
Theft,01/15/19,01:40 PM,1600 BLOCK OF N CAJON BLVD SAN BERNARDINO COUNTY,34.2792241,-117.4532731
Assault,01/15/19,02:43 PM,6100 BLOCK OF N BLYTHE AVE SAN BERNARDINO COUNTY,34.1430005,-117.2315401
Other,01/15/19,07:21 PM,4100 BLOCK OF N 4TH AVE SAN BERNARDINO COUNTY,34.1682005,-117.3092122
Assault,01/15/19,11:39 AM,400 BLOCK OF N WATERMAN AVE SAN BERNARDINO COUNTY,34.1065209,-117.2789798
Other,01/15/19,01:02 AM,25100 BLOCK OF INDEPENDENT PL SAN BERNARDINO COUNTY,34.1229404,-117.2559416
Other,01/14/19,08:56 PM,6900 BLOCK OF TIPPECANOE AVE SAN BERNARDINO COUNTY,34.1285416,-117.2622291
Other,01/14/19,12:40 PM,24500 BLOCK OF COURT ST SAN BERNARDINO COUNTY,34.9592083,-116.419389
Theft,01/14/19,03:03 PM,1900 BLOCK OF W HIGHLAND AVE SAN BERNARDINO COUNTY,34.1362431,-117.3309187
Assault,01/14/19,04:04 PM,24800 BLOCK OF 4TH ST SAN BERNARDINO COUNTY,34.1064605,-117.263895
Other,01/14/19,05:23 PM,24700 BLOCK OF 5TH ST SAN BERNARDINO COUNTY,34.1083301,-117.2666691
Vandalism,01/14/19,10:38 AM,2800 BLOCK OF N MACY ST SAN BERNARDINO COUNTY,34.1469949,-117.3398293
Assault,01/14/19,11:07 AM,N F ST/W 41ST ST SAN BERNARDINO COUNTY,34.1682816,-117.2961319
Other,01/14/19,11:18 AM,N F ST/W 40TH ST SAN BERNARDINO COUNTY,34.1646072,-117.3026445
Theft,01/13/19,08:38 PM,6800 BLOCK OF ELM AVE SAN BERNARDINO COUNTY,34.1304193,-117.2461083
Assault,01/13/19,09:29 PM,5900 BLOCK OF ELMWOOD RD SAN BERNARDINO COUNTY,34.1467238,-117.2514631
Theft,01/13/19,06:52 AM,E 2ND ST/N SIERRA WAY SAN BERNARDINO COUNTY,34.1027232,-117.2851294
Assault,01/13/19,07:50 AM,6900 BLOCK OF DWIGHT WAY SAN BERNARDINO COUNTY,34.1280691,-117.2559636
Assault,01/13/19,07:57 AM,24600 BLOCK OF 6TH ST SAN BERNARDINO COUNTY,34.1102136,-117.2675919
Other,01/13/19,10:17 AM,19600 BLOCK OF KENDALL DR SAN BERNARDINO COUNTY,34.1743571,-117.3269537
Vandalism,01/13/19,11:08 AM,2800 BLOCK OF N STATE ST SAN BERNARDINO COUNTY,34.1470596,-117.3356405
Other,01/13/19,11:22 AM,2200 BLOCK OF W DARBY ST SAN BERNARDINO COUNTY,34.147213,-117.3442354
Other,01/13/19,12:13 PM,6500 BLOCK OF MERITO PL SAN BERNARDINO COUNTY,34.1358467,-117.247616
Other,01/13/19,12:45 PM,5500 BLOCK OF BONNIE ST SAN BERNARDINO COUNTY,34.1539822,-117.247425
Other,01/13/19,12:48 PM,3200 BLOCK OF WAGON TRAIN RD SAN BERNARDINO COUNTY,34.3084719,-117.4677993
Other,01/13/19,05:05 PM,7000 BLOCK OF TIPPECANOE AVE SAN BERNARDINO COUNTY,34.1268605,-117.2624448
Theft,01/13/19,05:54 PM,900 BLOCK OF W 41ST ST SAN BERNARDINO COUNTY,34.1684364,-117.3028375
Other,01/13/19,04:41 AM,5400 BLOCK OF IRONWOOD ST SAN BERNARDINO COUNTY,34.155866,-117.2502246
Shooting,01/13/19,12:37 AM,600 BLOCK OF E RIALTO AVE SAN BERNARDINO COUNTY,34.1022917,-117.2735812
Assault,01/12/19,08:03 PM,5300 BLOCK OF BONNIE ST SAN BERNARDINO COUNTY,34.1575684,-117.2471527
Shooting,01/12/19,11:53 PM,3300 BLOCK OF N ERWIN AVE SAN BERNARDINO COUNTY,34.1507728,-117.2585325
Arrest,01/12/19,11:13 AM,4000 BLOCK OF N JOHNSON ST SAN BERNARDINO COUNTY,34.1646842,-117.2939484
Assault,01/12/19,12:41 PM,24100 BLOCK OF 4TH ST SAN BERNARDINO COUNTY,34.0772367,-117.5240975
Other,01/12/19,12:52 PM,25200 BLOCK OF E 19TH ST SAN BERNARDINO COUNTY,34.1318436,-117.2546054
Other,01/12/19,02:45 PM,24100 BLOCK OF 5TH ST SAN BERNARDINO COUNTY,34.108446,-117.237834
Theft,01/12/19,03:19 PM,5700 BLOCK OF N IRONWOOD ST SAN BERNARDINO COUNTY,34.1467206,-117.2494693
Other,01/12/19,05:04 PM,2800 BLOCK OF N MACY ST SAN BERNARDINO COUNTY,34.1469949,-117.3398293
Shooting,01/12/19,06:58 PM,1900 BLOCK OF MALLORY ST SAN BERNARDINO COUNTY,34.1432833,-117.3311163
Shooting,01/12/19,07:15 PM,24500 BLOCK OF COURT ST SAN BERNARDINO COUNTY,34.9592083,-116.419389
Other,01/12/19,04:58 AM,2700 BLOCK OF JUNE ST SAN BERNARDINO COUNTY,34.1459694,-117.3487646
Arrest,01/12/19,09:06 AM,25800 BLOCK OF STATE HWY 210 ONRP W SAN BERNARDINO COUNTY,34.9592083,-116.419389
Other,01/12/19,09:51 AM,18100 BLOCK OF KENWOOD AVE SAN BERNARDINO COUNTY,34.2359747,-117.4097862
Theft,01/12/19,12:21 AM,W DARBY ST WO N STATE ST SAN BERNARDINO COUNTY,34.1469493,-117.3381417
Assault,01/12/19,12:26 AM,1500 BLOCK OF E DATE ST SAN BERNARDINO COUNTY,34.141851,-117.2544605
Other,01/11/19,08:57 PM,2500 BLOCK OF N CALIFORNIA ST SAN BERNARDINO COUNTY,34.1378465,-117.3311052
Other,01/11/19,10:53 PM,4000 BLOCK OF N E ST SAN BERNARDINO COUNTY,34.1648009,-117.3004725
Other,01/11/19,01:13 PM,6700 BLOCK OF ELM AVE SAN BERNARDINO COUNTY,34.1322709,-117.244556
Other,01/11/19,05:02 PM,7000 BLOCK OF GLASGOW AVE SAN BERNARDINO COUNTY,34.1267098,-117.2548957
Assault,01/11/19,05:03 PM,W ADAMS ST/N STATE ST SAN BERNARDINO COUNTY,34.1378737,-117.3354604
Other,01/11/19,09:55 AM,2500 BLOCK OF N CALIFORNIA ST SAN BERNARDINO COUNTY,34.1378465,-117.3311052
Other,01/11/19,10:17 AM,2800 BLOCK OF N STATE ST SAN BERNARDINO COUNTY,34.1470596,-117.3356405
Other,01/11/19,10:29 AM,1000 BLOCK OF W VALLEY BLVD SAN BERNARDINO COUNTY,34.0688911,-117.342028
Assault,01/11/19,12:16 PM,5600 BLOCK OF PALOMAR AVE SAN BERNARDINO COUNTY,34.152177,-117.2379966
Other,01/11/19,12:20 PM,2000 BLOCK OF W MESA ST SAN BERNARDINO COUNTY,34.1401046,-117.3356829
Theft,01/11/19,02:09 AM,5900 BLOCK OF EUCALYPTUS DR SAN BERNARDINO COUNTY,34.1463659,-117.2320451
Shooting,01/10/19,09:52 PM,4000 BLOCK OF N F ST SAN BERNARDINO COUNTY,34.1647851,-117.3031541
Other,01/10/19,10:54 PM,2800 BLOCK OF N STATE ST SAN BERNARDINO COUNTY,34.1470596,-117.3356405
Other,01/10/19,04:05 PM,2200 BLOCK OF W DARBY ST SAN BERNARDINO COUNTY,34.147213,-117.3442354
Assault,01/10/19,04:17 PM,1900 BLOCK OF W MESA ST SAN BERNARDINO COUNTY,34.1400473,-117.3314001
Assault,01/10/19,11:54 AM,2000 BLOCK OF W PORTER ST SAN BERNARDINO COUNTY,34.14186,-117.3356784
Arrest,01/10/19,12:18 PM,200 BLOCK OF W 3RD ST SAN BERNARDINO COUNTY,34.1045859,-117.2874058
Burglary,01/09/19,08:42 PM,2200 BLOCK OF W PORTOLA ST SAN BERNARDINO COUNTY,34.1665018,-117.345682
Other,01/09/19,09:13 PM,1000 BLOCK OF W VALLEY BLVD SAN BERNARDINO COUNTY,34.0688911,-117.342028
Other,01/09/19,09:14 PM,24500 BLOCK OF 4TH ST SAN BERNARDINO COUNTY,34.1064625,-117.2715949
Other,01/09/19,01:06 PM,1200 BLOCK OF E LYNWOOD DR SAN BERNARDINO COUNTY,34.146775,-117.2610991
Other,01/09/19,03:54 PM,E HIGHLAND AVE/N STERLING AVE SAN BERNARDINO COUNTY,34.1358584,-117.2436702
Assault,01/09/19,03:55 PM,6600 BLOCK OF ELM AVE SAN BERNARDINO COUNTY,34.1340404,-117.2445178
Other,01/09/19,05:46 PM,OLD WATERMAN CANYON RD/STATE HWY 18 ONRP SAN BERNARDINO COUNTY,34.1825523,-117.2738986
Theft,01/09/19,06:00 PM,700 BLOCK OF N JACKSON ST SAN BERNARDINO COUNTY,34.1115676,-117.2972988
Burglary,01/09/19,07:24 AM,7200 BLOCK OF N CONEJO DR SAN BERNARDINO COUNTY,34.123147,-117.2593211
Other,01/09/19,09:46 AM,1900 BLOCK OF SHORT ST SAN BERNARDINO COUNTY,34.1548659,-117.3330515
Other,01/09/19,11:17 AM,1000 BLOCK OF W G ST SAN BERNARDINO COUNTY,34.0707384,-117.3392447
Theft,01/08/19,07:49 PM,2800 BLOCK OF N STATE ST SAN BERNARDINO COUNTY,34.1470596,-117.3356405
Other,01/08/19,08:38 PM,2500 BLOCK OF N CALIFORNIA ST SAN BERNARDINO COUNTY,34.1378465,-117.3311052
Other,01/08/19,09:27 PM,24500 BLOCK OF 4TH ST SAN BERNARDINO COUNTY,34.1064625,-117.2715949
Assault,01/08/19,10:18 PM,3600 BLOCK OF N MOUNTAIN AVE SAN BERNARDINO COUNTY,34.1569744,-117.2572198
Other,01/08/19,10:46 PM,7100 BLOCK OF N CONEJO DR SAN BERNARDINO COUNTY,34.1250027,-117.2593257
Other,01/08/19,02:06 PM,24100 BLOCK OF 5TH ST SAN BERNARDINO COUNTY,34.108446,-117.237834
Arrest,01/08/19,02:41 PM,W HIGHLAND AVE/N STATE ST SAN BERNARDINO COUNTY,34.1361052,-117.3354602
Assault,01/08/19,03:49 PM,5TH ST/PEDLEY RD SAN BERNARDINO COUNTY,34.1102152,-117.2664327
Other,01/08/19,04:04 PM,24100 BLOCK OF 5TH ST SAN BERNARDINO COUNTY,34.108446,-117.237834
Other,01/08/19,05:36 PM,6700 BLOCK OF DWIGHT WAY SAN BERNARDINO COUNTY,34.131808,-117.2561317
Other,01/08/19,05:48 PM,3400 BLOCK OF JUNE ST SAN BERNARDINO COUNTY,34.1578884,-117.3485747
Other,01/08/19,07:24 PM,26700 BLOCK OF BARTON RD SAN BERNARDINO COUNTY,34.0482922,-117.2217166
Other,01/08/19,07:24 AM,6900 BLOCK OF N CONEJO DR SAN BERNARDINO COUNTY,34.1286178,-117.2589582
Theft,01/08/19,08:18 AM,25500 BLOCK OF PASITO ST SAN BERNARDINO COUNTY,34.1293584,-117.2469618
Other,01/08/19,08:25 AM,1900 BLOCK OF W MESA ST SAN BERNARDINO COUNTY,34.1400473,-117.3314001
Other,01/08/19,10:18 AM,2200 BLOCK OF W 3RD AVE SAN BERNARDINO COUNTY,34.1651107,-117.3442386
Theft,01/07/19,01:08 PM,E BASELINE ST/N WATERMAN AVE SAN BERNARDINO COUNTY,34.1213344,-117.2787885
Other,01/07/19,04:38 PM,3600 BLOCK OF N MOUNTAIN AVE SAN BERNARDINO COUNTY,34.1569744,-117.2572198
Other,01/07/19,06:12 PM,5500 BLOCK OF N ELMWOOD RD SAN BERNARDINO COUNTY,34.1539973,-117.2520685
Shooting,01/07/19,06:31 PM,3500 BLOCK OF BRONSON ST SAN BERNARDINO COUNTY,34.1598912,-117.3572962
Other,01/07/19,06:43 PM,1000 BLOCK OF W VALLEY BLVD SAN BERNARDINO COUNTY,34.0688911,-117.342028
Other,01/07/19,07:01 PM,6900 BLOCK OF DWIGHT WAY SAN BERNARDINO COUNTY,34.1280691,-117.2559636
Theft,01/07/19,05:51 AM,25900 BLOCK OF PALOMAR CT SAN BERNARDINO COUNTY,34.1516805,-117.2388184
Vandalism,01/07/19,06:12 AM,7100 BLOCK OF N BARTON ST SAN BERNARDINO COUNTY,34.1211649,-117.2648903
Theft,01/07/19,07:04 AM,25400 BLOCK OF E PUMALO ST SAN BERNARDINO COUNTY,34.1387989,-117.2502965
Burglary,01/07/19,07:29 AM,2200 BLOCK OF W DARBY ST SAN BERNARDINO COUNTY,34.147213,-117.3442354
Assault,01/07/19,09:53 AM,1000 BLOCK OF W VALLEY BLVD SAN BERNARDINO COUNTY,34.0688911,-117.342028
Other,01/07/19,12:19 PM,6700 BLOCK OF DEL ROSA AVE SAN BERNARDINO COUNTY,34.1322521,-117.2519504
Other,01/07/19,12:22 AM,4000 BLOCK OF N NEWMARK AVE SAN BERNARDINO COUNTY,34.1646807,-117.2917326
Other,01/06/19,07:53 PM,24700 BLOCK OF 5TH ST SAN BERNARDINO COUNTY,34.1083301,-117.2666691
Other,01/06/19,01:48 PM,4200 BLOCK OF N 3RD AVE SAN BERNARDINO COUNTY,34.171844,-117.3048824
Robbery,01/06/19,02:11 PM,7000 BLOCK OF N CONEJO DR SAN BERNARDINO COUNTY,34.1268556,-117.2592545
Other,01/06/19,04:01 PM,VERMONT ST/W OGDEN ST SAN BERNARDINO COUNTY,34.1578847,-117.3519953
Theft,01/06/19,04:08 PM,1000 BLOCK OF W H ST SAN BERNARDINO COUNTY,34.0695508,-117.3393556
Other,01/06/19,05:20 PM,6300 BLOCK OF ELM AVE SAN BERNARDINO COUNTY,34.1392189,-117.2466764
Assault,01/06/19,06:47 PM,7000 BLOCK OF GLASGOW AVE SAN BERNARDINO COUNTY,34.1267098,-117.2548957
Arrest,01/06/19,09:08 AM,W 5TH ST/N E ST SAN BERNARDINO COUNTY,34.1083236,-117.2940879
Theft,01/06/19,09:19 AM,26200 BLOCK OF JONQUIL ST SAN BERNARDINO COUNTY,34.1394931,-117.2323743
Other,01/06/19,10:47 AM,1300 BLOCK OF E MARSHALL BLVD SAN BERNARDINO COUNTY,34.1497075,-117.2582079
Other,01/06/19,11:38 AM,7000 BLOCK OF N CONEJO DR SAN BERNARDINO COUNTY,34.1268556,-117.2592545
Arrest,01/06/19,02:39 AM,W 40TH ST/N 1ST AVE SAN BERNARDINO COUNTY,34.1646471,-117.2960993
Theft,01/05/19,06:11 PM,7000 BLOCK OF GLASGOW AVE SAN BERNARDINO COUNTY,34.1267098,-117.2548957
Other,01/05/19,11:09 PM,400 BLOCK OF N WATERMAN AVE SAN BERNARDINO COUNTY,34.1065209,-117.2789798
Other,01/05/19,02:00 PM,3100 BLOCK OF N MACY ST SAN BERNARDINO COUNTY,34.1523081,-117.3402245
Shooting,01/05/19,02:06 PM,2900 BLOCK OF JUNE ST SAN BERNARDINO COUNTY,34.1486311,-117.3491447
Other,01/05/19,02:15 PM,3100 BLOCK OF N GOLDEN AVE SAN BERNARDINO COUNTY,34.1476756,-117.2611347
Vandalism,01/05/19,04:12 PM,2900 BLOCK OF N STATE ST SAN BERNARDINO COUNTY,34.148944,-117.3358721
Other,01/05/19,05:01 PM,1000 BLOCK OF W OLIVE ST SAN BERNARDINO COUNTY,34.1186561,-117.305694
Theft,01/05/19,05:35 PM,N CALIFORNIA ST/W HIGHLAND AVE SAN BERNARDINO COUNTY,34.1361522,-117.3311015
Theft,01/05/19,04:25 AM,7000 BLOCK OF DWIGHT WAY SAN BERNARDINO COUNTY,34.1268007,-117.2563057
Other,01/05/19,05:44 AM,24500 BLOCK OF 4TH ST SAN BERNARDINO COUNTY,34.1064625,-117.2715949
Other,01/05/19,10:52 AM,4000 BLOCK OF N ELECTRIC AVE SAN BERNARDINO COUNTY,34.1646869,-117.2888507
Other,01/05/19,01:04 AM,3300 BLOCK OF N DEL REY DR SAN BERNARDINO COUNTY,34.1513241,-117.2640982
Burglary,01/04/19,07:53 PM,1100 BLOCK OF E 33RD ST SAN BERNARDINO COUNTY,34.1509562,-117.2644209
Assault,01/04/19,08:30 PM,4000 BLOCK OF N F ST SAN BERNARDINO COUNTY,34.1647851,-117.3031541
Theft,01/04/19,11:42 PM,E HIGHLAND AVE/N DEL ROSA AVE SAN BERNARDINO COUNTY,34.1358728,-117.2564219
Other,01/04/19,05:52 PM,N STATE ST/W BLAKE ST SAN BERNARDINO COUNTY,34.1510866,-117.335463
Other,01/04/19,06:16 PM,4200 BLOCK OF MOUNTAIN DR SAN BERNARDINO COUNTY,34.1718338,-117.3070625
Theft,01/04/19,06:34 AM,3200 BLOCK OF WAGON TRAIN RD SAN BERNARDINO COUNTY,34.3084719,-117.4677993
Theft,01/04/19,10:22 AM,1600 BLOCK OF N CAJON BLVD SAN BERNARDINO COUNTY,34.2792241,-117.4532731
Other,01/04/19,12:23 PM,7000 BLOCK OF GARDEN DR SAN BERNARDINO COUNTY,34.1267233,-117.2608459
Assault,01/03/19,07:41 PM,7100 BLOCK OF FAIRFAX DR SAN BERNARDINO COUNTY,34.124804,-117.2574325
Other,01/03/19,10:34 PM,24700 BLOCK OF 6TH ST SAN BERNARDINO COUNTY,34.1107012,-117.2657521
Assault,01/03/19,11:29 PM,7000 BLOCK OF GARDEN DR SAN BERNARDINO COUNTY,34.1267233,-117.2608459
Other,01/03/19,02:04 PM,6000 BLOCK OF ROGERS LN SAN BERNARDINO COUNTY,34.1445198,-117.2406879
Vandalism,01/03/19,02:12 PM,25000 BLOCK OF E BASELINE ST SAN BERNARDINO COUNTY,34.1213256,-117.2535142
Burglary,01/03/19,02:57 PM,600 BLOCK OF W 41ST ST SAN BERNARDINO COUNTY,34.1684455,-117.2964117
Other,01/03/19,05:37 PM,2400 BLOCK OF N MACY ST SAN BERNARDINO COUNTY,34.1396883,-117.3398329
Other,01/03/19,04:14 AM,25500 BLOCK OF E PUMALO ST SAN BERNARDINO COUNTY,34.1385893,-117.2479669
Other,01/03/19,08:21 AM,7100 BLOCK OF N CONEJO DR SAN BERNARDINO COUNTY,34.1250027,-117.2593257
Burglary,01/03/19,11:25 AM,500 BLOCK OF S INLAND CENTER DR SAN BERNARDINO COUNTY,34.0915998,-117.2946545
Theft,01/02/19,10:42 PM,7000 BLOCK OF GLASGOW AVE SAN BERNARDINO COUNTY,34.1267098,-117.2548957
Other,01/02/19,11:25 PM,1900 BLOCK OF MALLORY ST SAN BERNARDINO COUNTY,34.1432833,-117.3311163
Theft,01/02/19,01:35 PM,6000 BLOCK OF N BLYTHE AVE SAN BERNARDINO COUNTY,34.144718,-117.2313491
Theft,01/02/19,02:53 PM,2000 BLOCK OF MALLORY ST SAN BERNARDINO COUNTY,34.1433028,-117.335521
Theft,01/02/19,07:52 AM,25700 BLOCK OF EDGEMONT CT SAN BERNARDINO COUNTY,34.1520542,-117.2420709
Vandalism,01/02/19,08:21 AM,25100 BLOCK OF E 19TH ST SAN BERNARDINO COUNTY,34.131809,-117.256102
Theft,01/02/19,09:24 AM,1400 BLOCK OF MARION AVE SAN BERNARDINO COUNTY,34.2283708,-117.4078769
Other,01/02/19,09:32 AM,26200 BLOCK OF 23RD ST SAN BERNARDINO COUNTY,34.1370482,-117.310185
Other,01/02/19,11:27 AM,7100 BLOCK OF TIPPECANOE AVE SAN BERNARDINO COUNTY,34.0661597,-117.2612831
Other,01/02/19,11:33 AM,600 BLOCK OF E 3RD ST SAN BERNARDINO COUNTY,34.1043088,-117.2731687
Assault,01/01/19,12:48 PM,2300 BLOCK OF N OSBUN RD SAN BERNARDINO COUNTY,34.1375066,-117.2482707
Assault,01/01/19,03:05 PM,2100 BLOCK OF W BLAKE ST SAN BERNARDINO COUNTY,34.1505752,-117.339882
Other,01/01/19,04:28 PM,25200 BLOCK OF FISHER ST SAN BERNARDINO COUNTY,34.1261644,-117.2545269
Theft,01/01/19,04:31 PM,2400 BLOCK OF W 2ND AVE SAN BERNARDINO COUNTY,34.1631874,-117.3529789
Vandalism,01/01/19,04:55 PM,14900 BLOCK OF STATE HWY 138 SAN BERNARDINO COUNTY,34.2925045,-117.3422142
Other,01/01/19,01:25 AM,5400 BLOCK OF OSBUN RD SAN BERNARDINO COUNTY,34.1558399,-117.2483651
Robbery,01/01/19,02:32 AM,2000 BLOCK OF W ADAMS ST SAN BERNARDINO COUNTY,34.1378737,-117.3354604
Arrest,01/01/19,05:17 AM,4200 BLOCK OF N 3RD AVE SAN BERNARDINO COUNTY,34.171844,-117.3048824
Assault,01/01/19,09:00 AM,4200 BLOCK OF MOUNTAIN DR SAN BERNARDINO COUNTY,34.1718338,-117.3070625
Other,01/01/19,09:10 AM,7100 BLOCK OF TIPPECANOE AVE SAN BERNARDINO COUNTY,34.0661597,-117.2612831
Other,01/01/19,09:27 AM,6700 BLOCK OF GOLONDRINA DR SAN BERNARDINO COUNTY,34.1320724,-117.246635
Shooting,01/01/19,12:02 AM,2000 BLOCK OF W PORTER ST SAN BERNARDINO COUNTY,34.14186,-117.3356784
